{
    "MSE": 0.785723865032196,
    "RMSE": 0.8864106638754952,
    "MAE": 0.42112040519714355,
    "MAPE": 16.292244380555736,
    "R2": 0.9768312573432922
}