{
    "MSE": 5.857000350952148,
    "RMSE": 2.420124036274205,
    "MAE": 1.8393402099609375,
    "MAPE": 10.545692179061028
}